date,close
2015-02-04 00:00:00+05:30,8723.7
2015-02-05 00:00:00+05:30,8711.7
2015-02-06 00:00:00+05:30,8661.05
2015-02-09 00:00:00+05:30,8526.35
2015-02-10 00:00:00+05:30,8565.55
2015-02-11 00:00:00+05:30,8627.4
2015-02-12 00:00:00+05:30,8711.55
2015-02-13 00:00:00+05:30,8805.5
2015-02-16 00:00:00+05:30,8809.35
2015-02-18 00:00:00+05:30,8869.1
2015-02-19 00:00:00+05:30,8895.3
2015-02-20 00:00:00+05:30,8833.6
2015-02-23 00:00:00+05:30,8754.95
2015-02-24 00:00:00+05:30,8762.1
2015-02-25 00:00:00+05:30,8767.25
2015-02-26 00:00:00+05:30,8683.85
2015-02-27 00:00:00+05:30,8844.6
2015-02-28 00:00:00+05:30,8901.85
2015-03-02 00:00:00+05:30,8956.75
2015-03-03 00:00:00+05:30,8996.25
2015-03-04 00:00:00+05:30,8922.65
2015-03-05 00:00:00+05:30,8937.75
2015-03-09 00:00:00+05:30,8756.75
2015-03-10 00:00:00+05:30,8712.05
2015-03-11 00:00:00+05:30,8699.95
2015-03-12 00:00:00+05:30,8776
2015-03-13 00:00:00+05:30,8647.75
2015-03-16 00:00:00+05:30,8633.15
2015-03-17 00:00:00+05:30,8723.3
2015-03-18 00:00:00+05:30,8685.9
2015-03-19 00:00:00+05:30,8634.65
2015-03-20 00:00:00+05:30,8570.9
2015-03-23 00:00:00+05:30,8550.9
2015-03-24 00:00:00+05:30,8542.95
2015-03-25 00:00:00+05:30,8530.8
2015-03-26 00:00:00+05:30,8342.15
2015-03-27 00:00:00+05:30,8341.4
2015-03-30 00:00:00+05:30,8492.3
2015-03-31 00:00:00+05:30,8491
2015-04-01 00:00:00+05:30,8586.25
2015-04-06 00:00:00+05:30,8659.9
2015-04-07 00:00:00+05:30,8660.3
2015-04-08 00:00:00+05:30,8714.4
2015-04-09 00:00:00+05:30,8778.3
2015-04-10 00:00:00+05:30,8780.35
2015-04-13 00:00:00+05:30,8834
2015-04-15 00:00:00+05:30,8750.2
2015-04-16 00:00:00+05:30,8706.7
2015-04-17 00:00:00+05:30,8606
2015-04-20 00:00:00+05:30,8448.1
2015-04-21 00:00:00+05:30,8377.75
2015-04-22 00:00:00+05:30,8429.7
2015-04-23 00:00:00+05:30,8398.3
2015-04-24 00:00:00+05:30,8305.25
2015-04-27 00:00:00+05:30,8213.8
2015-04-28 00:00:00+05:30,8285.6
2015-04-29 00:00:00+05:30,8239.75
2015-04-30 00:00:00+05:30,8181.5
2015-05-04 00:00:00+05:30,8331.95
2015-05-05 00:00:00+05:30,8324.8
2015-05-06 00:00:00+05:30,8097
2015-05-07 00:00:00+05:30,8057.3
2015-05-08 00:00:00+05:30,8191.5
2015-05-11 00:00:00+05:30,8325.25
2015-05-12 00:00:00+05:30,8126.95
2015-05-13 00:00:00+05:30,8235.45
2015-05-14 00:00:00+05:30,8224.2
2015-05-15 00:00:00+05:30,8262.35
2015-05-18 00:00:00+05:30,8373.65
2015-05-19 00:00:00+05:30,8365.65
2015-05-20 00:00:00+05:30,8423.25
2015-05-21 00:00:00+05:30,8421
2015-05-22 00:00:00+05:30,8458.95
2015-05-25 00:00:00+05:30,8370.25
2015-05-26 00:00:00+05:30,8339.35
2015-05-27 00:00:00+05:30,8334.6
2015-05-28 00:00:00+05:30,8319
2015-05-29 00:00:00+05:30,8433.65
2015-06-01 00:00:00+05:30,8433.4
2015-06-02 00:00:00+05:30,8236.45
2015-06-03 00:00:00+05:30,8135.1
2015-06-04 00:00:00+05:30,8130.65
2015-06-05 00:00:00+05:30,8114.7
2015-06-08 00:00:00+05:30,8044.15
2015-06-09 00:00:00+05:30,8022.4
2015-06-10 00:00:00+05:30,8124.45
2015-06-11 00:00:00+05:30,7965.35
2015-06-12 00:00:00+05:30,7982.9
2015-06-15 00:00:00+05:30,8013.9
2015-06-16 00:00:00+05:30,8047.3
2015-06-17 00:00:00+05:30,8091.55
2015-06-18 00:00:00+05:30,8174.6
2015-06-19 00:00:00+05:30,8224.95
2015-06-22 00:00:00+05:30,8353.1
2015-06-23 00:00:00+05:30,8381.55
2015-06-24 00:00:00+05:30,8360.85
2015-06-25 00:00:00+05:30,8398
2015-06-26 00:00:00+05:30,8381.1
2015-06-29 00:00:00+05:30,8318.4
2015-06-30 00:00:00+05:30,8368.5
2015-07-01 00:00:00+05:30,8453.05
2015-07-02 00:00:00+05:30,8444.9
2015-07-03 00:00:00+05:30,8484.9
2015-07-06 00:00:00+05:30,8522.15
2015-07-07 00:00:00+05:30,8510.8
2015-07-08 00:00:00+05:30,8363.05
2015-07-09 00:00:00+05:30,8328.55
2015-07-10 00:00:00+05:30,8360.55
2015-07-13 00:00:00+05:30,8459.65
2015-07-14 00:00:00+05:30,8454.1
2015-07-15 00:00:00+05:30,8523.8
2015-07-16 00:00:00+05:30,8608.05
2015-07-17 00:00:00+05:30,8609.85
2015-07-20 00:00:00+05:30,8603.45
2015-07-21 00:00:00+05:30,8529.45
2015-07-22 00:00:00+05:30,8633.5
2015-07-23 00:00:00+05:30,8589.8
2015-07-24 00:00:00+05:30,8521.55
2015-07-27 00:00:00+05:30,8361
2015-07-28 00:00:00+05:30,8337
2015-07-29 00:00:00+05:30,8375.05
2015-07-30 00:00:00+05:30,8421.8
2015-07-31 00:00:00+05:30,8532.85
2015-08-03 00:00:00+05:30,8543.05
2015-08-04 00:00:00+05:30,8516.9
2015-08-05 00:00:00+05:30,8567.95
2015-08-06 00:00:00+05:30,8588.65
2015-08-07 00:00:00+05:30,8564.6
2015-08-10 00:00:00+05:30,8607.55
2015-08-11 00:00:00+05:30,8462.35
2015-08-12 00:00:00+05:30,8349.45
2015-08-13 00:00:00+05:30,8355.85
2015-08-14 00:00:00+05:30,8518.55
2015-08-17 00:00:00+05:30,8477.3
2015-08-18 00:00:00+05:30,8466.55
2015-08-19 00:00:00+05:30,8495.15
2015-08-20 00:00:00+05:30,8372.75
2015-08-21 00:00:00+05:30,8299.95
2015-08-24 00:00:00+05:30,7809
2015-08-25 00:00:00+05:30,7880.7
2015-08-26 00:00:00+05:30,7791.85
2015-08-27 00:00:00+05:30,7948.95
2015-08-28 00:00:00+05:30,8001.95
2015-08-31 00:00:00+05:30,7971.3
2015-09-01 00:00:00+05:30,7785.85
2015-09-02 00:00:00+05:30,7717
2015-09-03 00:00:00+05:30,7823
2015-09-04 00:00:00+05:30,7655.05
2015-09-07 00:00:00+05:30,7558.8
2015-09-08 00:00:00+05:30,7688.25
2015-09-09 00:00:00+05:30,7818.6
2015-09-10 00:00:00+05:30,7788.1
2015-09-11 00:00:00+05:30,7789.3
2015-09-14 00:00:00+05:30,7872.25
2015-09-15 00:00:00+05:30,7829.1
2015-09-16 00:00:00+05:30,7899.15
2015-09-18 00:00:00+05:30,7981.9
2015-09-21 00:00:00+05:30,7977.1
2015-09-22 00:00:00+05:30,7812
2015-09-23 00:00:00+05:30,7845.95
2015-09-24 00:00:00+05:30,7868.5
2015-09-28 00:00:00+05:30,7795.7
2015-09-29 00:00:00+05:30,7843.3
2015-09-30 00:00:00+05:30,7948.9
2015-10-01 00:00:00+05:30,7950.9
2015-10-05 00:00:00+05:30,8119.3
2015-10-06 00:00:00+05:30,8152.9
2015-10-07 00:00:00+05:30,8177.4
2015-10-08 00:00:00+05:30,8129.35
2015-10-09 00:00:00+05:30,8189.7
2015-10-12 00:00:00+05:30,8143.6
2015-10-13 00:00:00+05:30,8131.7
2015-10-14 00:00:00+05:30,8107.9
2015-10-15 00:00:00+05:30,8179.5
2015-10-16 00:00:00+05:30,8238.15
2015-10-19 00:00:00+05:30,8275.05
2015-10-20 00:00:00+05:30,8261.65
2015-10-21 00:00:00+05:30,8251.7
2015-10-23 00:00:00+05:30,8295.45
2015-10-26 00:00:00+05:30,8260.55
2015-10-27 00:00:00+05:30,8232.9
2015-10-28 00:00:00+05:30,8171.2
2015-10-29 00:00:00+05:30,8111.75
2015-10-30 00:00:00+05:30,8065.8
2015-11-02 00:00:00+05:30,8050.8
2015-11-03 00:00:00+05:30,8060.7
2015-11-04 00:00:00+05:30,8040.2
2015-11-05 00:00:00+05:30,7955.45
2015-11-06 00:00:00+05:30,7954.3
2015-11-09 00:00:00+05:30,7915.2
2015-11-10 00:00:00+05:30,7783.35
2015-11-11 00:00:00+05:30,7825
2015-11-13 00:00:00+05:30,7762.25
2015-11-16 00:00:00+05:30,7806.6
2015-11-17 00:00:00+05:30,7837.55
2015-11-18 00:00:00+05:30,7731.8
2015-11-19 00:00:00+05:30,7842.75
2015-11-20 00:00:00+05:30,7856.55
2015-11-23 00:00:00+05:30,7849.25
2015-11-24 00:00:00+05:30,7831.6
2015-11-26 00:00:00+05:30,7883.8
2015-11-27 00:00:00+05:30,7942.7
2015-11-30 00:00:00+05:30,7935.25
2015-12-01 00:00:00+05:30,7954.9
2015-12-02 00:00:00+05:30,7931.35
2015-12-03 00:00:00+05:30,7864.15
2015-12-04 00:00:00+05:30,7781.9
2015-12-07 00:00:00+05:30,7765.4
2015-12-08 00:00:00+05:30,7701.7
2015-12-09 00:00:00+05:30,7612.5
2015-12-10 00:00:00+05:30,7683.3
2015-12-11 00:00:00+05:30,7610.45
2015-12-14 00:00:00+05:30,7650.05
2015-12-15 00:00:00+05:30,7700.9
2015-12-16 00:00:00+05:30,7750.9
2015-12-17 00:00:00+05:30,7844.35
2015-12-18 00:00:00+05:30,7761.95
2015-12-21 00:00:00+05:30,7834.45
2015-12-22 00:00:00+05:30,7786.1
2015-12-23 00:00:00+05:30,7865.95
2015-12-24 00:00:00+05:30,7861.05
2015-12-28 00:00:00+05:30,7925.15
2015-12-29 00:00:00+05:30,7928.95
2015-12-30 00:00:00+05:30,7896.25
2015-12-31 00:00:00+05:30,7946.35
2016-01-01 00:00:00+05:30,7963.2
2016-01-04 00:00:00+05:30,7791.3
2016-01-05 00:00:00+05:30,7784.65
2016-01-06 00:00:00+05:30,7741
2016-01-07 00:00:00+05:30,7568.3
2016-01-08 00:00:00+05:30,7601.35
2016-01-11 00:00:00+05:30,7563.85
2016-01-12 00:00:00+05:30,7510.3
2016-01-13 00:00:00+05:30,7562.4
2016-01-14 00:00:00+05:30,7536.8
2016-01-15 00:00:00+05:30,7437.8
2016-01-18 00:00:00+05:30,7351
2016-01-19 00:00:00+05:30,7435.1
2016-01-20 00:00:00+05:30,7309.3
2016-01-21 00:00:00+05:30,7276.8
2016-01-22 00:00:00+05:30,7422.45
2016-01-25 00:00:00+05:30,7436.15
2016-01-27 00:00:00+05:30,7437.75
2016-01-28 00:00:00+05:30,7424.65
2016-01-29 00:00:00+05:30,7563.55
2016-02-01 00:00:00+05:30,7555.95
2016-02-02 00:00:00+05:30,7455.55
2016-02-03 00:00:00+05:30,7361.8
2016-02-04 00:00:00+05:30,7404
2016-02-05 00:00:00+05:30,7489.1
2016-02-08 00:00:00+05:30,7387.25
2016-02-09 00:00:00+05:30,7298.2
2016-02-10 00:00:00+05:30,7215.7
2016-02-11 00:00:00+05:30,6976.35
2016-02-12 00:00:00+05:30,6980.95
2016-02-15 00:00:00+05:30,7162.95
2016-02-16 00:00:00+05:30,7048.25
2016-02-17 00:00:00+05:30,7108.45
2016-02-18 00:00:00+05:30,7191.75
2016-02-19 00:00:00+05:30,7210.75
2016-02-22 00:00:00+05:30,7234.55
2016-02-23 00:00:00+05:30,7109.55
2016-02-24 00:00:00+05:30,7018.7
2016-02-25 00:00:00+05:30,6970.6
2016-02-26 00:00:00+05:30,7029.75
2016-02-29 00:00:00+05:30,6987.05
2016-03-01 00:00:00+05:30,7222.3
2016-03-02 00:00:00+05:30,7368.85
2016-03-03 00:00:00+05:30,7475.6
2016-03-04 00:00:00+05:30,7485.35
2016-03-08 00:00:00+05:30,7485.3
2016-03-09 00:00:00+05:30,7531.8
2016-03-10 00:00:00+05:30,7486.15
2016-03-11 00:00:00+05:30,7510.2
2016-03-14 00:00:00+05:30,7538.75
2016-03-15 00:00:00+05:30,7460.6
2016-03-16 00:00:00+05:30,7498.75
2016-03-17 00:00:00+05:30,7512.55
2016-03-18 00:00:00+05:30,7604.35
2016-03-21 00:00:00+05:30,7704.25
2016-03-22 00:00:00+05:30,7714.9
2016-03-23 00:00:00+05:30,7716.5
2016-03-28 00:00:00+05:30,7615.1
2016-03-29 00:00:00+05:30,7597
2016-03-30 00:00:00+05:30,7735.2
2016-03-31 00:00:00+05:30,7738.4
2016-04-01 00:00:00+05:30,7713.05
2016-04-04 00:00:00+05:30,7758.8
2016-04-05 00:00:00+05:30,7603.2
2016-04-06 00:00:00+05:30,7614.35
2016-04-07 00:00:00+05:30,7546.45
2016-04-08 00:00:00+05:30,7555.2
2016-04-11 00:00:00+05:30,7671.4
2016-04-12 00:00:00+05:30,7708.95
2016-04-13 00:00:00+05:30,7850.45
2016-04-18 00:00:00+05:30,7914.7
2016-04-20 00:00:00+05:30,7914.75
2016-04-21 00:00:00+05:30,7912.05
2016-04-22 00:00:00+05:30,7899.3
2016-04-25 00:00:00+05:30,7855.05
2016-04-26 00:00:00+05:30,7962.65
2016-04-27 00:00:00+05:30,7979.9
2016-04-28 00:00:00+05:30,7847.25
2016-04-29 00:00:00+05:30,7849.8
2016-05-02 00:00:00+05:30,7805.9
2016-05-03 00:00:00+05:30,7747
2016-05-04 00:00:00+05:30,7706.55
2016-05-05 00:00:00+05:30,7735.5
2016-05-06 00:00:00+05:30,7733.45
2016-05-09 00:00:00+05:30,7866.05
2016-05-10 00:00:00+05:30,7887.8
2016-05-11 00:00:00+05:30,7848.85
2016-05-12 00:00:00+05:30,7900.4
2016-05-13 00:00:00+05:30,7814.9
2016-05-16 00:00:00+05:30,7860.75
2016-05-17 00:00:00+05:30,7890.75
2016-05-18 00:00:00+05:30,7870.15
2016-05-19 00:00:00+05:30,7783.4
2016-05-20 00:00:00+05:30,7749.7
2016-05-23 00:00:00+05:30,7731.05
2016-05-24 00:00:00+05:30,7748.85
2016-05-25 00:00:00+05:30,7934.9
2016-05-26 00:00:00+05:30,8069.65
2016-05-27 00:00:00+05:30,8156.65
2016-05-30 00:00:00+05:30,8178.5
2016-05-31 00:00:00+05:30,8160.1
2016-06-01 00:00:00+05:30,8179.95
2016-06-02 00:00:00+05:30,8218.95
2016-06-03 00:00:00+05:30,8220.8
2016-06-06 00:00:00+05:30,8201.05
2016-06-07 00:00:00+05:30,8266.45
2016-06-08 00:00:00+05:30,8273.05
2016-06-09 00:00:00+05:30,8203.6
2016-06-10 00:00:00+05:30,8170.05
2016-06-13 00:00:00+05:30,8110.6
2016-06-14 00:00:00+05:30,8108.85
2016-06-15 00:00:00+05:30,8206.6
2016-06-16 00:00:00+05:30,8140.75
2016-06-17 00:00:00+05:30,8170.2
2016-06-20 00:00:00+05:30,8238.5
2016-06-21 00:00:00+05:30,8219.9
2016-06-22 00:00:00+05:30,8203.7
2016-06-23 00:00:00+05:30,8270.45
2016-06-24 00:00:00+05:30,8088.6
2016-06-27 00:00:00+05:30,8094.7
2016-06-28 00:00:00+05:30,8127.85
2016-06-29 00:00:00+05:30,8204
2016-06-30 00:00:00+05:30,8287.75
2016-07-01 00:00:00+05:30,8328.35
2016-07-04 00:00:00+05:30,8370.7
2016-07-05 00:00:00+05:30,8335.95
2016-07-07 00:00:00+05:30,8337.9
2016-07-08 00:00:00+05:30,8323.2
2016-07-11 00:00:00+05:30,8467.9
2016-07-12 00:00:00+05:30,8521.05
2016-07-13 00:00:00+05:30,8519.5
2016-07-14 00:00:00+05:30,8565
2016-07-15 00:00:00+05:30,8541.4
2016-07-18 00:00:00+05:30,8508.7
2016-07-19 00:00:00+05:30,8528.55
2016-07-20 00:00:00+05:30,8565.85
2016-07-21 00:00:00+05:30,8510.1
2016-07-22 00:00:00+05:30,8541.2
2016-07-25 00:00:00+05:30,8635.65
2016-07-26 00:00:00+05:30,8590.65
2016-07-27 00:00:00+05:30,8615.8
2016-07-28 00:00:00+05:30,8666.3
2016-07-29 00:00:00+05:30,8638.5
2016-08-01 00:00:00+05:30,8636.55
2016-08-02 00:00:00+05:30,8622.9
2016-08-03 00:00:00+05:30,8544.85
2016-08-04 00:00:00+05:30,8551.1
2016-08-05 00:00:00+05:30,8683.15
2016-08-08 00:00:00+05:30,8711.35
2016-08-09 00:00:00+05:30,8678.25
2016-08-10 00:00:00+05:30,8575.3
2016-08-11 00:00:00+05:30,8592.15
2016-08-12 00:00:00+05:30,8672.15
2016-08-16 00:00:00+05:30,8642.55
2016-08-17 00:00:00+05:30,8624.05
2016-08-18 00:00:00+05:30,8673.25
2016-08-19 00:00:00+05:30,8666.9
2016-08-22 00:00:00+05:30,8629.15
2016-08-23 00:00:00+05:30,8632.6
2016-08-24 00:00:00+05:30,8650.3
2016-08-25 00:00:00+05:30,8592.2
2016-08-26 00:00:00+05:30,8572.55
2016-08-29 00:00:00+05:30,8607.45
2016-08-30 00:00:00+05:30,8744.35
2016-08-31 00:00:00+05:30,8786.2
2016-09-01 00:00:00+05:30,8774.65
2016-09-02 00:00:00+05:30,8809.65
2016-09-06 00:00:00+05:30,8943
2016-09-07 00:00:00+05:30,8917.95
2016-09-08 00:00:00+05:30,8952.5
2016-09-09 00:00:00+05:30,8866.7
2016-09-12 00:00:00+05:30,8715.6
2016-09-14 00:00:00+05:30,8726.6
2016-09-15 00:00:00+05:30,8742.55
2016-09-16 00:00:00+05:30,8779.85
2016-09-19 00:00:00+05:30,8808.4
2016-09-20 00:00:00+05:30,8775.9
2016-09-21 00:00:00+05:30,8777.15
2016-09-22 00:00:00+05:30,8867.45
2016-09-23 00:00:00+05:30,8831.55
2016-09-26 00:00:00+05:30,8723.05
2016-09-27 00:00:00+05:30,8706.4
2016-09-28 00:00:00+05:30,8745.15
2016-09-29 00:00:00+05:30,8591.25
2016-09-30 00:00:00+05:30,8611.15
2016-10-03 00:00:00+05:30,8738.1
2016-10-04 00:00:00+05:30,8769.15
2016-10-05 00:00:00+05:30,8743.95
2016-10-06 00:00:00+05:30,8709.55
2016-10-07 00:00:00+05:30,8697.6
2016-10-10 00:00:00+05:30,8708.8
2016-10-13 00:00:00+05:30,8573.35
2016-10-14 00:00:00+05:30,8583.4
2016-10-17 00:00:00+05:30,8520.4
2016-10-18 00:00:00+05:30,8677.9
2016-10-19 00:00:00+05:30,8659.1
2016-10-20 00:00:00+05:30,8699.4
2016-10-21 00:00:00+05:30,8693.05
2016-10-24 00:00:00+05:30,8708.95
2016-10-25 00:00:00+05:30,8691.3
2016-10-26 00:00:00+05:30,8615.25
2016-10-27 00:00:00+05:30,8615.25
2016-10-28 00:00:00+05:30,8638
2016-10-30 00:00:00+05:30,8625.7
2016-11-01 00:00:00+05:30,8626.25
2016-11-02 00:00:00+05:30,8514
2016-11-03 00:00:00+05:30,8484.95
2016-11-04 00:00:00+05:30,8433.75
2016-11-07 00:00:00+05:30,8497.05
2016-11-08 00:00:00+05:30,8543.55
2016-11-09 00:00:00+05:30,8432
2016-11-10 00:00:00+05:30,8525.75
2016-11-11 00:00:00+05:30,8296.3
2016-11-15 00:00:00+05:30,8108.45
2016-11-16 00:00:00+05:30,8111.6
2016-11-17 00:00:00+05:30,8079.95
2016-11-18 00:00:00+05:30,8074.1
2016-11-21 00:00:00+05:30,7929.1
2016-11-22 00:00:00+05:30,8002.3
2016-11-23 00:00:00+05:30,8033.3
2016-11-24 00:00:00+05:30,7965.5
2016-11-25 00:00:00+05:30,8114.3
2016-11-28 00:00:00+05:30,8126.9
2016-11-29 00:00:00+05:30,8142.15
2016-11-30 00:00:00+05:30,8224.5
2016-12-01 00:00:00+05:30,8192.9
2016-12-02 00:00:00+05:30,8086.8
2016-12-05 00:00:00+05:30,8128.75
2016-12-06 00:00:00+05:30,8143.15
2016-12-07 00:00:00+05:30,8102.05
2016-12-08 00:00:00+05:30,8246.85
2016-12-09 00:00:00+05:30,8261.75
2016-12-12 00:00:00+05:30,8170.8
2016-12-13 00:00:00+05:30,8221.8
2016-12-14 00:00:00+05:30,8182.45
2016-12-15 00:00:00+05:30,8153.6
2016-12-16 00:00:00+05:30,8139.45
2016-12-19 00:00:00+05:30,8104.35
2016-12-20 00:00:00+05:30,8082.4
2016-12-21 00:00:00+05:30,8061.3
2016-12-22 00:00:00+05:30,7979.1
2016-12-23 00:00:00+05:30,7985.75
2016-12-26 00:00:00+05:30,7908.25
2016-12-27 00:00:00+05:30,8032.85
2016-12-28 00:00:00+05:30,8034.85
2016-12-29 00:00:00+05:30,8103.6
2016-12-30 00:00:00+05:30,8185.8
2017-01-02 00:00:00+05:30,8179.5
2017-01-03 00:00:00+05:30,8192.25
2017-01-04 00:00:00+05:30,8190.5
2017-01-05 00:00:00+05:30,8273.8
2017-01-06 00:00:00+05:30,8243.8
2017-01-09 00:00:00+05:30,8236.05
2017-01-10 00:00:00+05:30,8288.6
2017-01-11 00:00:00+05:30,8380.65
2017-01-12 00:00:00+05:30,8407.2
2017-01-13 00:00:00+05:30,8400.35
2017-01-16 00:00:00+05:30,8412.8
2017-01-17 00:00:00+05:30,8398
2017-01-18 00:00:00+05:30,8417
2017-01-19 00:00:00+05:30,8435.1
2017-01-20 00:00:00+05:30,8349.35
2017-01-23 00:00:00+05:30,8391.5
2017-01-24 00:00:00+05:30,8475.8
2017-01-25 00:00:00+05:30,8602.75
2017-01-27 00:00:00+05:30,8641.25
2017-01-30 00:00:00+05:30,8632.75
2017-01-31 00:00:00+05:30,8561.3
2017-02-01 00:00:00+05:30,8716.4
2017-02-02 00:00:00+05:30,8734.25
2017-02-03 00:00:00+05:30,8740.95
2017-02-06 00:00:00+05:30,8801.05
2017-02-07 00:00:00+05:30,8768.3
2017-02-08 00:00:00+05:30,8769.05
2017-02-09 00:00:00+05:30,8778.4
2017-02-10 00:00:00+05:30,8793.55
2017-02-13 00:00:00+05:30,8805.05
2017-02-14 00:00:00+05:30,8792.3
2017-02-15 00:00:00+05:30,8724.7
2017-02-16 00:00:00+05:30,8778
2017-02-17 00:00:00+05:30,8821.7
2017-02-20 00:00:00+05:30,8879.2
2017-02-21 00:00:00+05:30,8907.85
2017-02-22 00:00:00+05:30,8926.9
2017-02-23 00:00:00+05:30,8939.5
2017-02-27 00:00:00+05:30,8896.7
2017-02-28 00:00:00+05:30,8879.6
2017-03-01 00:00:00+05:30,8945.8
2017-03-02 00:00:00+05:30,8899.75
2017-03-03 00:00:00+05:30,8897.55
2017-03-06 00:00:00+05:30,8963.45
2017-03-07 00:00:00+05:30,8946.9
2017-03-08 00:00:00+05:30,8924.3
2017-03-09 00:00:00+05:30,8927
2017-03-10 00:00:00+05:30,8934.55
2017-03-14 00:00:00+05:30,9087
2017-03-15 00:00:00+05:30,9084.8
2017-03-16 00:00:00+05:30,9153.7
2017-03-17 00:00:00+05:30,9160.05
2017-03-20 00:00:00+05:30,9126.85
2017-03-21 00:00:00+05:30,9121.5
2017-03-22 00:00:00+05:30,9030.45
2017-03-23 00:00:00+05:30,9086.3
2017-03-24 00:00:00+05:30,9108
2017-03-27 00:00:00+05:30,9045.2
2017-03-28 00:00:00+05:30,9100.8
2017-03-29 00:00:00+05:30,9143.8
2017-03-30 00:00:00+05:30,9173.75
2017-03-31 00:00:00+05:30,9173.75
2017-04-03 00:00:00+05:30,9237.85
2017-04-05 00:00:00+05:30,9265.15
2017-04-06 00:00:00+05:30,9261.95
2017-04-07 00:00:00+05:30,9198.3
2017-04-10 00:00:00+05:30,9181.45
2017-04-11 00:00:00+05:30,9237
2017-04-12 00:00:00+05:30,9203.45
2017-04-13 00:00:00+05:30,9150.8
2017-04-17 00:00:00+05:30,9139.3
2017-04-18 00:00:00+05:30,9105.15
2017-04-19 00:00:00+05:30,9103.5
2017-04-20 00:00:00+05:30,9136.4
2017-04-21 00:00:00+05:30,9119.4
2017-04-24 00:00:00+05:30,9217.95
2017-04-25 00:00:00+05:30,9306.6
2017-04-26 00:00:00+05:30,9351.85
2017-04-27 00:00:00+05:30,9342.15
2017-04-28 00:00:00+05:30,9304.05
2017-05-02 00:00:00+05:30,9313.8
2017-05-03 00:00:00+05:30,9311.95
2017-05-04 00:00:00+05:30,9359.9
2017-05-05 00:00:00+05:30,9285.3
2017-05-08 00:00:00+05:30,9314.05
2017-05-09 00:00:00+05:30,9316.85
2017-05-10 00:00:00+05:30,9407.3
2017-05-11 00:00:00+05:30,9422.4
2017-05-12 00:00:00+05:30,9400.9
2017-05-15 00:00:00+05:30,9445.4
2017-05-16 00:00:00+05:30,9512.25
2017-05-17 00:00:00+05:30,9525.75
2017-05-18 00:00:00+05:30,9429.45
2017-05-19 00:00:00+05:30,9427.9
2017-05-22 00:00:00+05:30,9438.25
2017-05-23 00:00:00+05:30,9386.15
2017-05-24 00:00:00+05:30,9360.55
2017-05-25 00:00:00+05:30,9509.75
2017-05-26 00:00:00+05:30,9595.1
2017-05-29 00:00:00+05:30,9604.9
2017-05-30 00:00:00+05:30,9624.55
2017-05-31 00:00:00+05:30,9621.25
2017-06-01 00:00:00+05:30,9616.1
2017-06-02 00:00:00+05:30,9653.5
2017-06-05 00:00:00+05:30,9675.1
2017-06-06 00:00:00+05:30,9637.15
2017-06-07 00:00:00+05:30,9663.9
2017-06-08 00:00:00+05:30,9647.25
2017-06-09 00:00:00+05:30,9668.25
2017-06-12 00:00:00+05:30,9616.4
2017-06-13 00:00:00+05:30,9606.9
2017-06-14 00:00:00+05:30,9618.15
2017-06-15 00:00:00+05:30,9578.05
2017-06-16 00:00:00+05:30,9588.05
2017-06-19 00:00:00+05:30,9657.55
2017-06-20 00:00:00+05:30,9653.5
2017-06-21 00:00:00+05:30,9633.6
2017-06-22 00:00:00+05:30,9630
2017-06-23 00:00:00+05:30,9574.95
2017-06-27 00:00:00+05:30,9511.4
2017-06-28 00:00:00+05:30,9491.25
2017-06-29 00:00:00+05:30,9504.1
2017-06-30 00:00:00+05:30,9520.9
2017-07-03 00:00:00+05:30,9615
2017-07-04 00:00:00+05:30,9613.3
2017-07-05 00:00:00+05:30,9637.6
2017-07-06 00:00:00+05:30,9674.55
2017-07-07 00:00:00+05:30,9665.8
2017-07-10 00:00:00+05:30,9771.05
2017-07-11 00:00:00+05:30,9786.05
2017-07-12 00:00:00+05:30,9816.1
2017-07-13 00:00:00+05:30,9891.7
2017-07-14 00:00:00+05:30,9886.35
2017-07-17 00:00:00+05:30,9915.95
2017-07-18 00:00:00+05:30,9827.15
2017-07-19 00:00:00+05:30,9899.6
2017-07-20 00:00:00+05:30,9873.3
2017-07-21 00:00:00+05:30,9915.25
2017-07-24 00:00:00+05:30,9966.4
2017-07-25 00:00:00+05:30,9964.55
2017-07-26 00:00:00+05:30,10020.65
2017-07-27 00:00:00+05:30,10020.55
2017-07-28 00:00:00+05:30,10014.5
2017-07-31 00:00:00+05:30,10077.1
2017-08-01 00:00:00+05:30,10114.65
2017-08-02 00:00:00+05:30,10081.5
2017-08-03 00:00:00+05:30,10013.65
2017-08-04 00:00:00+05:30,10066.4
2017-08-07 00:00:00+05:30,10057.4
2017-08-08 00:00:00+05:30,9978.55
2017-08-09 00:00:00+05:30,9908.05
2017-08-10 00:00:00+05:30,9820.25
2017-08-11 00:00:00+05:30,9710.8
2017-08-14 00:00:00+05:30,9794.15
2017-08-16 00:00:00+05:30,9897.3
2017-08-17 00:00:00+05:30,9904.15
2017-08-18 00:00:00+05:30,9837.4
2017-08-21 00:00:00+05:30,9754.35
2017-08-22 00:00:00+05:30,9765.55
2017-08-23 00:00:00+05:30,9852.5
2017-08-24 00:00:00+05:30,9857.05
2017-08-28 00:00:00+05:30,9912.8
2017-08-29 00:00:00+05:30,9796.05
2017-08-30 00:00:00+05:30,9884.4
2017-08-31 00:00:00+05:30,9917.9
2017-09-01 00:00:00+05:30,9974.4
2017-09-04 00:00:00+05:30,9912.85
2017-09-05 00:00:00+05:30,9952.2
2017-09-06 00:00:00+05:30,9916.2
2017-09-07 00:00:00+05:30,9929.9
2017-09-08 00:00:00+05:30,9934.8
2017-09-11 00:00:00+05:30,10006.05
2017-09-12 00:00:00+05:30,10093.05
2017-09-13 00:00:00+05:30,10079.3
2017-09-14 00:00:00+05:30,10086.6
2017-09-15 00:00:00+05:30,10085.4
2017-09-18 00:00:00+05:30,10153.1
2017-09-19 00:00:00+05:30,10147.55
2017-09-20 00:00:00+05:30,10141.15
2017-09-21 00:00:00+05:30,10121.9
2017-09-22 00:00:00+05:30,9964.4
2017-09-25 00:00:00+05:30,9872.6
2017-09-26 00:00:00+05:30,9871.5
2017-09-27 00:00:00+05:30,9735.75
2017-09-28 00:00:00+05:30,9768.95
2017-09-29 00:00:00+05:30,9788.6
2017-10-03 00:00:00+05:30,9859.5
2017-10-04 00:00:00+05:30,9914.9
2017-10-05 00:00:00+05:30,9888.7
2017-10-06 00:00:00+05:30,9979.7
2017-10-09 00:00:00+05:30,9988.75
2017-10-10 00:00:00+05:30,10016.95
2017-10-11 00:00:00+05:30,9984.8
2017-10-12 00:00:00+05:30,10096.4
2017-10-13 00:00:00+05:30,10167.45
2017-10-16 00:00:00+05:30,10230.85
2017-10-17 00:00:00+05:30,10234.45
2017-10-18 00:00:00+05:30,10210.85
2017-10-19 00:00:00+05:30,10146.55
2017-10-23 00:00:00+05:30,10184.85
2017-10-24 00:00:00+05:30,10207.7
2017-10-25 00:00:00+05:30,10295.35
2017-10-26 00:00:00+05:30,10343.8
2017-10-27 00:00:00+05:30,10323.05
2017-10-30 00:00:00+05:30,10363.65
2017-10-31 00:00:00+05:30,10335.3
2017-11-01 00:00:00+05:30,10440.5
2017-11-02 00:00:00+05:30,10423.8
2017-11-03 00:00:00+05:30,10452.5
2017-11-06 00:00:00+05:30,10451.8
2017-11-07 00:00:00+05:30,10350.15
2017-11-08 00:00:00+05:30,10303.15
2017-11-09 00:00:00+05:30,10308.95
2017-11-10 00:00:00+05:30,10321.75
2017-11-13 00:00:00+05:30,10224.95
2017-11-14 00:00:00+05:30,10186.6
2017-11-15 00:00:00+05:30,10118.05
2017-11-16 00:00:00+05:30,10214.75
2017-11-17 00:00:00+05:30,10283.6
2017-11-20 00:00:00+05:30,10298.75
2017-11-21 00:00:00+05:30,10326.9
2017-11-22 00:00:00+05:30,10342.3
2017-11-23 00:00:00+05:30,10348.75
2017-11-24 00:00:00+05:30,10389.7
2017-11-27 00:00:00+05:30,10399.55
2017-11-28 00:00:00+05:30,10370.25
2017-11-29 00:00:00+05:30,10361.3
2017-11-30 00:00:00+05:30,10226.55
2017-12-01 00:00:00+05:30,10121.8
2017-12-04 00:00:00+05:30,10127.75
2017-12-05 00:00:00+05:30,10118.25
2017-12-06 00:00:00+05:30,10044.1
2017-12-07 00:00:00+05:30,10166.7
2017-12-08 00:00:00+05:30,10265.65
2017-12-11 00:00:00+05:30,10322.25
2017-12-12 00:00:00+05:30,10240.15
2017-12-13 00:00:00+05:30,10192.95
2017-12-14 00:00:00+05:30,10252.1
2017-12-15 00:00:00+05:30,10333.25
2017-12-18 00:00:00+05:30,10388.75
2017-12-19 00:00:00+05:30,10463.2
2017-12-20 00:00:00+05:30,10444.2
2017-12-21 00:00:00+05:30,10440.3
2017-12-22 00:00:00+05:30,10493
2017-12-26 00:00:00+05:30,10531.5
2017-12-27 00:00:00+05:30,10490.75
2017-12-28 00:00:00+05:30,10477.9
2017-12-29 00:00:00+05:30,10530.7
2018-01-01 00:00:00+05:30,10435.55
2018-01-02 00:00:00+05:30,10442.2
2018-01-03 00:00:00+05:30,10443.2
2018-01-04 00:00:00+05:30,10504.8
2018-01-05 00:00:00+05:30,10558.85
2018-01-08 00:00:00+05:30,10623.6
2018-01-09 00:00:00+05:30,10637
2018-01-10 00:00:00+05:30,10632.2
2018-01-11 00:00:00+05:30,10651.2
2018-01-12 00:00:00+05:30,10681.25
2018-01-15 00:00:00+05:30,10741.55
2018-01-16 00:00:00+05:30,10700.45
2018-01-17 00:00:00+05:30,10788.55
2018-01-18 00:00:00+05:30,10817
2018-01-19 00:00:00+05:30,10894.7
2018-01-22 00:00:00+05:30,10966.2
2018-01-23 00:00:00+05:30,11083.7
2018-01-24 00:00:00+05:30,11086
2018-01-25 00:00:00+05:30,11069.65
2018-01-29 00:00:00+05:30,11130.4
2018-01-30 00:00:00+05:30,11049.65
2018-01-31 00:00:00+05:30,11027.7
2018-02-01 00:00:00+05:30,11016.9
2018-02-02 00:00:00+05:30,10760.6
2018-02-05 00:00:00+05:30,10666.55
2018-02-06 00:00:00+05:30,10498.25
2018-02-07 00:00:00+05:30,10476.7
2018-02-08 00:00:00+05:30,10576.85
2018-02-09 00:00:00+05:30,10454.95
2018-02-12 00:00:00+05:30,10539.75
2018-02-14 00:00:00+05:30,10500.9
2018-02-15 00:00:00+05:30,10545.5
2018-02-16 00:00:00+05:30,10452.3
2018-02-19 00:00:00+05:30,10378.4
2018-02-20 00:00:00+05:30,10360.4
2018-02-21 00:00:00+05:30,10397.45
2018-02-22 00:00:00+05:30,10382.7
2018-02-23 00:00:00+05:30,10491.05
2018-02-26 00:00:00+05:30,10582.6
2018-02-27 00:00:00+05:30,10554.3
2018-02-28 00:00:00+05:30,10492.85
2018-03-01 00:00:00+05:30,10458.35
2018-03-05 00:00:00+05:30,10358.85
2018-03-06 00:00:00+05:30,10249.25
2018-03-07 00:00:00+05:30,10154.2
2018-03-08 00:00:00+05:30,10242.65
2018-03-09 00:00:00+05:30,10226.85
2018-03-12 00:00:00+05:30,10421.4
2018-03-13 00:00:00+05:30,10426.85
2018-03-14 00:00:00+05:30,10410.9
2018-03-15 00:00:00+05:30,10360.15
2018-03-16 00:00:00+05:30,10195.15
2018-03-19 00:00:00+05:30,10094.25
2018-03-20 00:00:00+05:30,10124.35
2018-03-21 00:00:00+05:30,10155.25
2018-03-22 00:00:00+05:30,10114.75
2018-03-23 00:00:00+05:30,9998.05
2018-03-26 00:00:00+05:30,10130.65
2018-03-27 00:00:00+05:30,10184.15
2018-03-28 00:00:00+05:30,10113.7
2018-04-02 00:00:00+05:30,10211.8
2018-04-03 00:00:00+05:30,10245
2018-04-04 00:00:00+05:30,10128.4
2018-04-05 00:00:00+05:30,10325.15
2018-04-06 00:00:00+05:30,10331.6
2018-04-09 00:00:00+05:30,10379.35
2018-04-10 00:00:00+05:30,10402.25
2018-04-11 00:00:00+05:30,10417.15
2018-04-12 00:00:00+05:30,10458.65
2018-04-13 00:00:00+05:30,10480.6
2018-04-16 00:00:00+05:30,10528.35
2018-04-17 00:00:00+05:30,10548.7
2018-04-18 00:00:00+05:30,10526.2
2018-04-19 00:00:00+05:30,10565.3
2018-04-20 00:00:00+05:30,10564.05
2018-04-23 00:00:00+05:30,10584.7
2018-04-24 00:00:00+05:30,10614.35
2018-04-25 00:00:00+05:30,10570.55
2018-04-26 00:00:00+05:30,10617.8
2018-04-27 00:00:00+05:30,10692.3
2018-04-30 00:00:00+05:30,10739.35
2018-05-02 00:00:00+05:30,10718.05
2018-05-03 00:00:00+05:30,10679.65
2018-05-04 00:00:00+05:30,10618.25
2018-05-07 00:00:00+05:30,10715.5
2018-05-08 00:00:00+05:30,10717.8
2018-05-09 00:00:00+05:30,10741.7
2018-05-10 00:00:00+05:30,10716.55
2018-05-11 00:00:00+05:30,10806.5
2018-05-14 00:00:00+05:30,10806.6
2018-05-15 00:00:00+05:30,10801.85
2018-05-16 00:00:00+05:30,10741.1
2018-05-17 00:00:00+05:30,10682.7
2018-05-18 00:00:00+05:30,10596.4
2018-05-21 00:00:00+05:30,10516.7
2018-05-22 00:00:00+05:30,10536.7
2018-05-23 00:00:00+05:30,10430.35
2018-05-24 00:00:00+05:30,10513.85
2018-05-25 00:00:00+05:30,10605.15
2018-05-28 00:00:00+05:30,10688.65
2018-05-29 00:00:00+05:30,10633.3
2018-05-30 00:00:00+05:30,10614.35
2018-05-31 00:00:00+05:30,10736.15
2018-06-01 00:00:00+05:30,10696.2
2018-06-04 00:00:00+05:30,10628.5
2018-06-05 00:00:00+05:30,10593.15
2018-06-06 00:00:00+05:30,10684.65
2018-06-07 00:00:00+05:30,10768.35
2018-06-08 00:00:00+05:30,10767.65
2018-06-11 00:00:00+05:30,10786.95
2018-06-12 00:00:00+05:30,10842.85
2018-06-13 00:00:00+05:30,10856.7
2018-06-14 00:00:00+05:30,10808.05
2018-06-15 00:00:00+05:30,10817.7
2018-06-18 00:00:00+05:30,10799.85
2018-06-19 00:00:00+05:30,10710.45
2018-06-20 00:00:00+05:30,10772.05
2018-06-21 00:00:00+05:30,10741.1
2018-06-22 00:00:00+05:30,10821.85
2018-06-25 00:00:00+05:30,10762.45
2018-06-26 00:00:00+05:30,10769.15
2018-06-27 00:00:00+05:30,10671.4
2018-06-28 00:00:00+05:30,10589.1
2018-06-29 00:00:00+05:30,10714.3
2018-07-02 00:00:00+05:30,10657.3
2018-07-03 00:00:00+05:30,10699.9
2018-07-04 00:00:00+05:30,10769.9
2018-07-05 00:00:00+05:30,10749.75
2018-07-06 00:00:00+05:30,10772.65
2018-07-09 00:00:00+05:30,10852.9
2018-07-10 00:00:00+05:30,10947.25
2018-07-11 00:00:00+05:30,10948.3
2018-07-12 00:00:00+05:30,11023.2
2018-07-13 00:00:00+05:30,11018.9
2018-07-16 00:00:00+05:30,10936.85
2018-07-17 00:00:00+05:30,11008.05
2018-07-18 00:00:00+05:30,10980.45
2018-07-19 00:00:00+05:30,10957.1
2018-07-20 00:00:00+05:30,11010.2
2018-07-23 00:00:00+05:30,11084.75
2018-07-24 00:00:00+05:30,11134.3
2018-07-25 00:00:00+05:30,11132
2018-07-26 00:00:00+05:30,11167.3
2018-07-27 00:00:00+05:30,11278.35
2018-07-30 00:00:00+05:30,11319.55
2018-07-31 00:00:00+05:30,11356.5
2018-08-01 00:00:00+05:30,11346.2
2018-08-02 00:00:00+05:30,11244.7
2018-08-03 00:00:00+05:30,11360.8
2018-08-06 00:00:00+05:30,11387.1
2018-08-07 00:00:00+05:30,11389.45
2018-08-08 00:00:00+05:30,11450
2018-08-09 00:00:00+05:30,11470.7
2018-08-10 00:00:00+05:30,11429.5
2018-08-13 00:00:00+05:30,11355.75
2018-08-14 00:00:00+05:30,11435.1
2018-08-16 00:00:00+05:30,11385.05
2018-08-17 00:00:00+05:30,11470.75
2018-08-20 00:00:00+05:30,11551.75
2018-08-21 00:00:00+05:30,11570.9
2018-08-23 00:00:00+05:30,11582.75
2018-08-24 00:00:00+05:30,11557.1
2018-08-27 00:00:00+05:30,11691.95
2018-08-28 00:00:00+05:30,11738.5
2018-08-29 00:00:00+05:30,11691.9
2018-08-30 00:00:00+05:30,11676.8
2018-08-31 00:00:00+05:30,11680.5
2018-09-03 00:00:00+05:30,11582.35
2018-09-04 00:00:00+05:30,11520.3
2018-09-05 00:00:00+05:30,11476.95
2018-09-06 00:00:00+05:30,11536.9
2018-09-07 00:00:00+05:30,11589.1
2018-09-10 00:00:00+05:30,11438.1
2018-09-11 00:00:00+05:30,11287.5
2018-09-12 00:00:00+05:30,11369.9
2018-09-14 00:00:00+05:30,11515.2
2018-09-17 00:00:00+05:30,11377.75
2018-09-18 00:00:00+05:30,11278.9
2018-09-19 00:00:00+05:30,11234.35
2018-09-21 00:00:00+05:30,11143.1
2018-09-24 00:00:00+05:30,10967.4
2018-09-25 00:00:00+05:30,11067.45
2018-09-26 00:00:00+05:30,11053.8
2018-09-27 00:00:00+05:30,10977.55
2018-09-28 00:00:00+05:30,10930.45
2018-10-01 00:00:00+05:30,11008.3
2018-10-03 00:00:00+05:30,10858.25
2018-10-04 00:00:00+05:30,10599.25
2018-10-05 00:00:00+05:30,10316.45
2018-10-08 00:00:00+05:30,10348.05
2018-10-09 00:00:00+05:30,10301.05
2018-10-10 00:00:00+05:30,10460.1
2018-10-11 00:00:00+05:30,10234.65
2018-10-12 00:00:00+05:30,10472.5
2018-10-15 00:00:00+05:30,10512.5
2018-10-16 00:00:00+05:30,10584.75
2018-10-17 00:00:00+05:30,10453.05
2018-10-19 00:00:00+05:30,10303.55
2018-10-22 00:00:00+05:30,10245.25
2018-10-23 00:00:00+05:30,10146.8
2018-10-24 00:00:00+05:30,10224.75
2018-10-25 00:00:00+05:30,10124.9
2018-10-26 00:00:00+05:30,10030
2018-10-29 00:00:00+05:30,10250.85
2018-10-30 00:00:00+05:30,10198.4
2018-10-31 00:00:00+05:30,10386.6
2018-11-01 00:00:00+05:30,10380.45
2018-11-02 00:00:00+05:30,10553
2018-11-05 00:00:00+05:30,10524
2018-11-06 00:00:00+05:30,10530
2018-11-07 00:00:00+05:30,10598.4
2018-11-09 00:00:00+05:30,10585.2
2018-11-12 00:00:00+05:30,10482.2
2018-11-13 00:00:00+05:30,10582.5
2018-11-14 00:00:00+05:30,10576.3
2018-11-15 00:00:00+05:30,10616.7
2018-11-16 00:00:00+05:30,10682.2
2018-11-19 00:00:00+05:30,10763.4
2018-11-20 00:00:00+05:30,10656.2
2018-11-21 00:00:00+05:30,10600.05
2018-11-22 00:00:00+05:30,10526.75
2018-11-26 00:00:00+05:30,10628.6
2018-11-27 00:00:00+05:30,10685.6
2018-11-28 00:00:00+05:30,10728.85
2018-11-29 00:00:00+05:30,10858.7
2018-11-30 00:00:00+05:30,10876.75
2018-12-03 00:00:00+05:30,10883.75
2018-12-04 00:00:00+05:30,10869.5
2018-12-05 00:00:00+05:30,10782.9
2018-12-06 00:00:00+05:30,10601.15
2018-12-07 00:00:00+05:30,10693.7
2018-12-10 00:00:00+05:30,10488.45
2018-12-11 00:00:00+05:30,10549.15
2018-12-12 00:00:00+05:30,10737.6
2018-12-13 00:00:00+05:30,10791.55
2018-12-14 00:00:00+05:30,10805.45
2018-12-17 00:00:00+05:30,10888.35
2018-12-18 00:00:00+05:30,10908.7
2018-12-19 00:00:00+05:30,10967.3
2018-12-20 00:00:00+05:30,10951.7
2018-12-21 00:00:00+05:30,10754
2018-12-24 00:00:00+05:30,10663.5
2018-12-26 00:00:00+05:30,10729.85
2018-12-27 00:00:00+05:30,10779.8
2018-12-28 00:00:00+05:30,10859.9
2018-12-31 00:00:00+05:30,10862.55
2019-01-01 00:00:00+05:30,10910.1
2019-01-02 00:00:00+05:30,10792.5
2019-01-03 00:00:00+05:30,10672.25
2019-01-04 00:00:00+05:30,10727.35
2019-01-07 00:00:00+05:30,10771.8
2019-01-08 00:00:00+05:30,10802.15
2019-01-09 00:00:00+05:30,10855.15
2019-01-10 00:00:00+05:30,10821.6
2019-01-11 00:00:00+05:30,10794.95
2019-01-14 00:00:00+05:30,10737.6
2019-01-15 00:00:00+05:30,10886.8
2019-01-16 00:00:00+05:30,10890.3
2019-01-17 00:00:00+05:30,10905.2
2019-01-18 00:00:00+05:30,10906.95
2019-01-21 00:00:00+05:30,10961.85
2019-01-22 00:00:00+05:30,10922.75
2019-01-23 00:00:00+05:30,10831.5
2019-01-24 00:00:00+05:30,10849.8
2019-01-25 00:00:00+05:30,10780.55
2019-01-28 00:00:00+05:30,10661.55
2019-01-29 00:00:00+05:30,10652.2
2019-01-30 00:00:00+05:30,10651.8
2019-01-31 00:00:00+05:30,10830.95
2019-02-01 00:00:00+05:30,10893.65
2019-02-04 00:00:00+05:30,10912.25
2019-02-05 00:00:00+05:30,10934.35
2019-02-06 00:00:00+05:30,11062.45
2019-02-07 00:00:00+05:30,11069.4
2019-02-08 00:00:00+05:30,10943.6
2019-02-11 00:00:00+05:30,10888.8
2019-02-12 00:00:00+05:30,10831.4
2019-02-13 00:00:00+05:30,10793.65
2019-02-14 00:00:00+05:30,10746.05
2019-02-15 00:00:00+05:30,10724.4
2019-02-18 00:00:00+05:30,10640.95
2019-02-19 00:00:00+05:30,10604.35
2019-02-20 00:00:00+05:30,10735.45
2019-02-21 00:00:00+05:30,10789.85
2019-02-22 00:00:00+05:30,10791.65
2019-02-25 00:00:00+05:30,10880.1
2019-02-26 00:00:00+05:30,10835.3
2019-02-27 00:00:00+05:30,10806.65
2019-02-28 00:00:00+05:30,10792.5
2019-03-01 00:00:00+05:30,10863.5
2019-03-05 00:00:00+05:30,10987.45
2019-03-06 00:00:00+05:30,11053
2019-03-07 00:00:00+05:30,11058.2
2019-03-08 00:00:00+05:30,11035.4
2019-03-11 00:00:00+05:30,11168.05
2019-03-12 00:00:00+05:30,11301.2
2019-03-13 00:00:00+05:30,11341.7
2019-03-14 00:00:00+05:30,11343.25
2019-03-15 00:00:00+05:30,11426.85
2019-03-18 00:00:00+05:30,11462.2
2019-03-19 00:00:00+05:30,11532.4
2019-03-20 00:00:00+05:30,11521.05
2019-03-22 00:00:00+05:30,11456.9
2019-03-25 00:00:00+05:30,11354.25
2019-03-26 00:00:00+05:30,11483.25
2019-03-27 00:00:00+05:30,11445.05
2019-03-28 00:00:00+05:30,11570
2019-03-29 00:00:00+05:30,11623.9
2019-04-01 00:00:00+05:30,11669.15
2019-04-02 00:00:00+05:30,11713.2
2019-04-03 00:00:00+05:30,11643.95
2019-04-04 00:00:00+05:30,11598
2019-04-05 00:00:00+05:30,11665.95
2019-04-08 00:00:00+05:30,11604.5
2019-04-09 00:00:00+05:30,11671.95
2019-04-10 00:00:00+05:30,11584.3
2019-04-11 00:00:00+05:30,11596.7
2019-04-12 00:00:00+05:30,11643.45
2019-04-15 00:00:00+05:30,11690.35
2019-04-16 00:00:00+05:30,11787.15
2019-04-18 00:00:00+05:30,11752.8
2019-04-22 00:00:00+05:30,11594.45
2019-04-23 00:00:00+05:30,11575.95
2019-04-24 00:00:00+05:30,11726.15
2019-04-25 00:00:00+05:30,11641.8
2019-04-26 00:00:00+05:30,11754.65
2019-04-30 00:00:00+05:30,11748.15
2019-05-02 00:00:00+05:30,11724.75
2019-05-03 00:00:00+05:30,11712.25
2019-05-06 00:00:00+05:30,11598.25
2019-05-07 00:00:00+05:30,11497.9
2019-05-08 00:00:00+05:30,11359.45
2019-05-09 00:00:00+05:30,11301.8
2019-05-10 00:00:00+05:30,11278.9
2019-05-13 00:00:00+05:30,11148.2
2019-05-14 00:00:00+05:30,11222.05
2019-05-15 00:00:00+05:30,11157
2019-05-16 00:00:00+05:30,11257.1
2019-05-17 00:00:00+05:30,11407.15
2019-05-20 00:00:00+05:30,11828.25
2019-05-21 00:00:00+05:30,11709.1
2019-05-22 00:00:00+05:30,11737.9
2019-05-23 00:00:00+05:30,11657.05
2019-05-24 00:00:00+05:30,11844.1
2019-05-27 00:00:00+05:30,11924.75
2019-05-28 00:00:00+05:30,11928.75
2019-05-29 00:00:00+05:30,11861.1
2019-05-30 00:00:00+05:30,11945.9
2019-05-31 00:00:00+05:30,11922.8
2019-06-03 00:00:00+05:30,12088.55
2019-06-04 00:00:00+05:30,12021.65
2019-06-06 00:00:00+05:30,11843.75
2019-06-07 00:00:00+05:30,11870.65
2019-06-10 00:00:00+05:30,11922.7
2019-06-11 00:00:00+05:30,11965.6
2019-06-12 00:00:00+05:30,11906.2
2019-06-13 00:00:00+05:30,11914.05
2019-06-14 00:00:00+05:30,11823.3
2019-06-17 00:00:00+05:30,11672.15
2019-06-18 00:00:00+05:30,11691.5
2019-06-19 00:00:00+05:30,11691.45
2019-06-20 00:00:00+05:30,11831.75
2019-06-21 00:00:00+05:30,11724.1
2019-06-24 00:00:00+05:30,11699.65
2019-06-25 00:00:00+05:30,11796.45
2019-06-26 00:00:00+05:30,11847.55
2019-06-27 00:00:00+05:30,11841.55
2019-06-28 00:00:00+05:30,11788.85
2019-07-01 00:00:00+05:30,11865.6
2019-07-02 00:00:00+05:30,11910.3
2019-07-03 00:00:00+05:30,11916.75
2019-07-04 00:00:00+05:30,11946.75
2019-07-05 00:00:00+05:30,11811.15
2019-07-08 00:00:00+05:30,11558.6
2019-07-09 00:00:00+05:30,11555.9
2019-07-10 00:00:00+05:30,11498.9
2019-07-11 00:00:00+05:30,11582.9
2019-07-12 00:00:00+05:30,11552.5
2019-07-15 00:00:00+05:30,11588.35
2019-07-16 00:00:00+05:30,11662.6
2019-07-17 00:00:00+05:30,11687.5
2019-07-18 00:00:00+05:30,11596.9
2019-07-19 00:00:00+05:30,11419.25
2019-07-22 00:00:00+05:30,11346.2
2019-07-23 00:00:00+05:30,11331.05
2019-07-24 00:00:00+05:30,11271.3
2019-07-25 00:00:00+05:30,11252.15
2019-07-26 00:00:00+05:30,11284.3
2019-07-29 00:00:00+05:30,11189.2
2019-07-30 00:00:00+05:30,11085.4
2019-07-31 00:00:00+05:30,11118
2019-08-01 00:00:00+05:30,10980
2019-08-02 00:00:00+05:30,10997.35
2019-08-05 00:00:00+05:30,10862.6
2019-08-06 00:00:00+05:30,10948.25
2019-08-07 00:00:00+05:30,10855.5
2019-08-08 00:00:00+05:30,11032.45
2019-08-09 00:00:00+05:30,11109.65
2019-08-13 00:00:00+05:30,10925.85
2019-08-14 00:00:00+05:30,11029.4
2019-08-16 00:00:00+05:30,11047.8
2019-08-19 00:00:00+05:30,11053.9
2019-08-20 00:00:00+05:30,11017
2019-08-21 00:00:00+05:30,10918.7
2019-08-22 00:00:00+05:30,10741.35
2019-08-23 00:00:00+05:30,10829.35
2019-08-26 00:00:00+05:30,11057.85
2019-08-27 00:00:00+05:30,11105.35
2019-08-28 00:00:00+05:30,11046.1
2019-08-29 00:00:00+05:30,10948.3
2019-08-30 00:00:00+05:30,11023.25
2019-09-03 00:00:00+05:30,10797.9
2019-09-04 00:00:00+05:30,10844.65
2019-09-05 00:00:00+05:30,10847.9
2019-09-06 00:00:00+05:30,10946.2
2019-09-09 00:00:00+05:30,11003.05
2019-09-11 00:00:00+05:30,11035.7
2019-09-12 00:00:00+05:30,10982.8
2019-09-13 00:00:00+05:30,11075.9
2019-09-16 00:00:00+05:30,11003.5
2019-09-17 00:00:00+05:30,10817.6
2019-09-18 00:00:00+05:30,10840.65
2019-09-19 00:00:00+05:30,10704.8
2019-09-20 00:00:00+05:30,11274.2
2019-09-23 00:00:00+05:30,11600.2
2019-09-24 00:00:00+05:30,11588.2
2019-09-25 00:00:00+05:30,11440.2
2019-09-26 00:00:00+05:30,11571.2
2019-09-27 00:00:00+05:30,11512.4
2019-09-30 00:00:00+05:30,11474.45
2019-10-01 00:00:00+05:30,11359.9
2019-10-03 00:00:00+05:30,11314
2019-10-04 00:00:00+05:30,11174.75
2019-10-07 00:00:00+05:30,11126.4
2019-10-09 00:00:00+05:30,11313.3
2019-10-10 00:00:00+05:30,11234.55
2019-10-11 00:00:00+05:30,11305.05
2019-10-14 00:00:00+05:30,11341.15
2019-10-15 00:00:00+05:30,11428.3
2019-10-16 00:00:00+05:30,11464
2019-10-17 00:00:00+05:30,11586.35
2019-10-18 00:00:00+05:30,11661.85
2019-10-22 00:00:00+05:30,11588.35
2019-10-23 00:00:00+05:30,11604.1
2019-10-24 00:00:00+05:30,11582.6
2019-10-25 00:00:00+05:30,11583.9
2019-10-27 00:00:00+05:30,11627.15
2019-10-29 00:00:00+05:30,11786.85
2019-10-30 00:00:00+05:30,11844.1
2019-10-31 00:00:00+05:30,11877.45
2019-11-01 00:00:00+05:30,11890.6
2019-11-04 00:00:00+05:30,11941.3
2019-11-05 00:00:00+05:30,11917.2
2019-11-06 00:00:00+05:30,11966.05
2019-11-07 00:00:00+05:30,12012.05
2019-11-08 00:00:00+05:30,11908.15
2019-11-11 00:00:00+05:30,11913.45
2019-11-13 00:00:00+05:30,11840.45
2019-11-14 00:00:00+05:30,11872.1
2019-11-15 00:00:00+05:30,11895.45
2019-11-18 00:00:00+05:30,11884.5
2019-11-19 00:00:00+05:30,11940.1
2019-11-20 00:00:00+05:30,11999.1
2019-11-21 00:00:00+05:30,11968.4
2019-11-22 00:00:00+05:30,11914.4
2019-11-25 00:00:00+05:30,12073.75
2019-11-26 00:00:00+05:30,12037.7
2019-11-27 00:00:00+05:30,12100.7
2019-11-28 00:00:00+05:30,12151.15
2019-11-29 00:00:00+05:30,12056.05
2019-12-02 00:00:00+05:30,12048.2
2019-12-03 00:00:00+05:30,11994.2
2019-12-04 00:00:00+05:30,12043.2
2019-12-05 00:00:00+05:30,12018.4
2019-12-06 00:00:00+05:30,11921.5
2019-12-09 00:00:00+05:30,11937.5
2019-12-10 00:00:00+05:30,11856.8
2019-12-11 00:00:00+05:30,11910.15
2019-12-12 00:00:00+05:30,11971.8
2019-12-13 00:00:00+05:30,12086.7
2019-12-16 00:00:00+05:30,12053.95
2019-12-17 00:00:00+05:30,12165
2019-12-18 00:00:00+05:30,12221.65
2019-12-19 00:00:00+05:30,12259.7
2019-12-20 00:00:00+05:30,12271.8
2019-12-23 00:00:00+05:30,12262.75
2019-12-24 00:00:00+05:30,12214.55
2019-12-26 00:00:00+05:30,12126.55
2019-12-27 00:00:00+05:30,12245.8
2019-12-30 00:00:00+05:30,12255.85
2019-12-31 00:00:00+05:30,12168.45
2020-01-01 00:00:00+05:30,12182.5
2020-01-02 00:00:00+05:30,12282.2
2020-01-03 00:00:00+05:30,12226.65
2020-01-06 00:00:00+05:30,11993.05
2020-01-07 00:00:00+05:30,12052.95
2020-01-08 00:00:00+05:30,12025.35
2020-01-09 00:00:00+05:30,12215.9
2020-01-10 00:00:00+05:30,12256.8
2020-01-13 00:00:00+05:30,12329.55
2020-01-14 00:00:00+05:30,12362.3
2020-01-15 00:00:00+05:30,12343.3
2020-01-16 00:00:00+05:30,12355.5
2020-01-17 00:00:00+05:30,12352.35
2020-01-20 00:00:00+05:30,12224.55
2020-01-21 00:00:00+05:30,12169.85
2020-01-22 00:00:00+05:30,12106.9
2020-01-23 00:00:00+05:30,12180.35
2020-01-24 00:00:00+05:30,12248.25
2020-01-27 00:00:00+05:30,12119
2020-01-28 00:00:00+05:30,12055.8
2020-01-29 00:00:00+05:30,12129.5
2020-01-30 00:00:00+05:30,12035.8
2020-01-31 00:00:00+05:30,11962.1
2020-02-01 00:00:00+05:30,11661.85
2020-02-03 00:00:00+05:30,11707.9
2020-02-04 00:00:00+05:30,11979.65
2020-02-05 00:00:00+05:30,12089.15
2020-02-06 00:00:00+05:30,12137.95
2020-02-07 00:00:00+05:30,12098.35
2020-02-10 00:00:00+05:30,12031.5
2020-02-11 00:00:00+05:30,12107.9
2020-02-12 00:00:00+05:30,12201.2
2020-02-13 00:00:00+05:30,12174.65
2020-02-14 00:00:00+05:30,12113.45
2020-02-17 00:00:00+05:30,12045.8
2020-02-18 00:00:00+05:30,11992.5
2020-02-19 00:00:00+05:30,12125.9
2020-02-20 00:00:00+05:30,12080.85
2020-02-24 00:00:00+05:30,11829.4
2020-02-25 00:00:00+05:30,11797.9
2020-02-26 00:00:00+05:30,11678.5
2020-02-27 00:00:00+05:30,11633.3
2020-02-28 00:00:00+05:30,11201.75
2020-03-02 00:00:00+05:30,11132.75
2020-03-03 00:00:00+05:30,11303.3
2020-03-04 00:00:00+05:30,11251
2020-03-05 00:00:00+05:30,11269
2020-03-06 00:00:00+05:30,10989.45
2020-03-09 00:00:00+05:30,10451.45
2020-03-11 00:00:00+05:30,10458.4
2020-03-12 00:00:00+05:30,9590.15
2020-03-13 00:00:00+05:30,9955.2
2020-03-16 00:00:00+05:30,9197.4
2020-03-17 00:00:00+05:30,8967.05
2020-03-18 00:00:00+05:30,8468.8
2020-03-19 00:00:00+05:30,8263.45
2020-03-20 00:00:00+05:30,8745.45
2020-03-23 00:00:00+05:30,7610.25
2020-03-24 00:00:00+05:30,7801.05
2020-03-25 00:00:00+05:30,8317.85
2020-03-26 00:00:00+05:30,8641.45
2020-03-27 00:00:00+05:30,8660.25
2020-03-30 00:00:00+05:30,8281.1
2020-03-31 00:00:00+05:30,8597.75
2020-04-01 00:00:00+05:30,8253.8
2020-04-03 00:00:00+05:30,8083.8
2020-04-07 00:00:00+05:30,8792.2
2020-04-08 00:00:00+05:30,8748.75
2020-04-09 00:00:00+05:30,9111.9
2020-04-13 00:00:00+05:30,8993.85
2020-04-15 00:00:00+05:30,8925.3
2020-04-16 00:00:00+05:30,8992.8
2020-04-17 00:00:00+05:30,9266.75
2020-04-20 00:00:00+05:30,9261.85
2020-04-21 00:00:00+05:30,8981.45
2020-04-22 00:00:00+05:30,9187.3
2020-04-23 00:00:00+05:30,9313.9
2020-04-24 00:00:00+05:30,9154.4
2020-04-27 00:00:00+05:30,9282.3
2020-04-28 00:00:00+05:30,9380.9
2020-04-29 00:00:00+05:30,9553.35
2020-04-30 00:00:00+05:30,9859.9
2020-05-04 00:00:00+05:30,9293.5
2020-05-05 00:00:00+05:30,9205.6
2020-05-06 00:00:00+05:30,9270.9
2020-05-07 00:00:00+05:30,9199.05
2020-05-08 00:00:00+05:30,9251.5
2020-05-11 00:00:00+05:30,9239.2
2020-05-12 00:00:00+05:30,9196.55
2020-05-13 00:00:00+05:30,9383.55
2020-05-14 00:00:00+05:30,9142.75
2020-05-15 00:00:00+05:30,9136.85
2020-05-18 00:00:00+05:30,8823.25
2020-05-19 00:00:00+05:30,8879.1
2020-05-20 00:00:00+05:30,9066.55
2020-05-21 00:00:00+05:30,9106.25
2020-05-22 00:00:00+05:30,9039.25
2020-05-26 00:00:00+05:30,9029.05
2020-05-27 00:00:00+05:30,9314.95
2020-05-28 00:00:00+05:30,9490.1
2020-05-29 00:00:00+05:30,9580.3
2020-06-01 00:00:00+05:30,9826.15
2020-06-02 00:00:00+05:30,9979.1
2020-06-03 00:00:00+05:30,10061.55
2020-06-04 00:00:00+05:30,10029.1
2020-06-05 00:00:00+05:30,10142.15
2020-06-08 00:00:00+05:30,10167.45
2020-06-09 00:00:00+05:30,10046.65
2020-06-10 00:00:00+05:30,10116.15
2020-06-11 00:00:00+05:30,9902
2020-06-12 00:00:00+05:30,9972.9
2020-06-15 00:00:00+05:30,9813.7
2020-06-16 00:00:00+05:30,9914
2020-06-17 00:00:00+05:30,9881.15
2020-06-18 00:00:00+05:30,10091.65
2020-06-19 00:00:00+05:30,10244.4
2020-06-22 00:00:00+05:30,10311.2
2020-06-23 00:00:00+05:30,10471
2020-06-24 00:00:00+05:30,10305.3
2020-06-25 00:00:00+05:30,10288.9
2020-06-26 00:00:00+05:30,10383
2020-06-29 00:00:00+05:30,10312.4
2020-06-30 00:00:00+05:30,10302.1
2020-07-01 00:00:00+05:30,10430.05
2020-07-02 00:00:00+05:30,10551.7
2020-07-03 00:00:00+05:30,10607.35
2020-07-06 00:00:00+05:30,10763.65
2020-07-07 00:00:00+05:30,10799.65
2020-07-08 00:00:00+05:30,10705.75
2020-07-09 00:00:00+05:30,10813.45
2020-07-10 00:00:00+05:30,10768.05
2020-07-13 00:00:00+05:30,10802.7
2020-07-14 00:00:00+05:30,10607.35
2020-07-15 00:00:00+05:30,10618.2
2020-07-16 00:00:00+05:30,10739.95
2020-07-17 00:00:00+05:30,10901.7
2020-07-20 00:00:00+05:30,11022.2
2020-07-21 00:00:00+05:30,11162.25
2020-07-22 00:00:00+05:30,11132.6
2020-07-23 00:00:00+05:30,11215.45
2020-07-24 00:00:00+05:30,11194.15
2020-07-27 00:00:00+05:30,11124.5
2020-07-28 00:00:00+05:30,11292
2020-07-29 00:00:00+05:30,11197.2
2020-07-30 00:00:00+05:30,11095.15
2020-07-31 00:00:00+05:30,11073.45
2020-08-03 00:00:00+05:30,10900
2020-08-03 00:00:00+05:30,10891.6
2020-08-04 00:00:00+05:30,11102.5
